{"cameraMode":{"drawMode":0,"name":"Shaded","section":"Shading Mode"},"sceneLighting":true,"audioPlay":false,"sceneViewState":{"showFog":false,"showMaterialUpdate":false,"showSkybox":false,"showFlares":false,"showImageEffects":false,"showParticleSystems":false},"in2DMode":false,"pivot":{"x":510.0335388183594,"y":817.8228759765625,"z":-9.381301879882813},"rotation":{"x":0.21151983737945558,"y":0.17342834174633027,"z":-0.03806949406862259,"w":0.9611362218856812},"size":1169.3360595703125,"orthographic":false}